,Gardens by the Bay,Singapore Botanic Gardens,Singapore Zoo,Cloud Forest,Marina Bay Sands Skypark,National Orchid Garden,Singapore Flyer,Supertree Grove,Jurong Bird Park,National Museum of Singapore,Marina Bay,Buddha Tooth Relic Temple and Museum,Chinatown,Flower Dome,Orchard Road,Merlion Park,Clarke Quay,River Safari,MacRitchie Nature Trail,National Gallery Singapore,Haji Lane,Battlebox,The Southern Ridges,The Helix Bridge,Chinese and Japanese Gardens,Waterfront Promenade,Asian Civilisations Museum,ArtScience Museum at Marina Bay Sands,Maxwell Food Centre,East Coast Park,The Shoppes at Marina Bay Sands,Arab Street,OCBC Skyway,MacRitchie Reservoir,Henderson Waves,Sungei Buloh Wetland Reserve,Chinatown Heritage Centre,Fort Canning Park,Chijmes,Haw Par Villa,Science Centre Singapore,VivoCity,Jewel Changi Airport,Night Safari,Boat Quay,Sultan Mosque,Marina Barrage,ION Orchard,Singapore City Gallery,Bukit Timah Nature Reserve,The Pinnacle @ Duxton,Mustafa Centre,Raffles City,Lau Pa Sat Festival Pavilion,Katong District,Emerald Hill,Kranji War Memorial,Singapore River,Mount Faber,Parkview Square,National Stadium,Kuan Yin Thong Hood Cho Temple,Satay street,Sri Veeramakaliamman Temple,Plaza Singapura,Lee Kong Chian Natural History Museum,Sri Mariamman Temple,Raffles Hotel Arcade,Faber Peak,City Square Mall,Kusu Island,Esplanade Park,Joo Chiat/Katong,Chinatown Point,Labrador Nature Reserve,Thian Hock Keng Temple,Hort Park,Lucky Plaza,Fountain of Wealth,Geylang Serai,Pasir Ris Town Park,IMM Outlet Mall,Tekka Centre,Robertson Quay,Changi Beach,Holland Village,Kong Meng San Phor Kark See Temple,St Andrew's Cathedral,Adventure Cove Waterpark,Dolphin Island,Floating Bridge at Siloso Beach,Flying Trapeze,Fort Siloso,Fort Siloso Skywalk,Images of Singapore LIVE,Imbiah Lookout,Madame Tussauds Singapore,Palawan Beach,Port Of Lost Wonder,S.E.A. Aquarium,Sentosa Boardwalk,Sentosa Merlion,Sentosa Nature Discovery,Siloso Beach,Southernmost point of Asia,Tanjong Beach,The Maritime Experiential Museum,Trick Eye Museum Singapore,Universal Studios Singapore,Wave House Sentosa,Butterfly Park & Insect Kingdom,Skyline Luge Sentosa
Gardens by the Bay,0,37,71,0,13,51,10,5,90,30,8,29,30,5,35,17,31,72,58,21,30,36,61,4,41,12,20,4,30,45,10,28,5,67,60,111,26,28,31,55,64,36,86,69,29,29,2,33,30,48,36,36,21,20,41,39,83,38,47,26,39,30,19,32,29,72,27,33,45,35,-1,17,63,26,51,24,64,36,17,42,59,62,27,41,81,46,83,27,51,65,60,60,57,63,51,50,48,54,49,48,44,46,50,60,57,62,48,50,45,58,51,50
Singapore Botanic Gardens,37,0,57,43,29,4,29,42,70,33,26,32,33,39,29,36,34,59,29,33,25,30,44,29,31,33,36,35,34,64,25,23,42,42,46,97,29,32,27,26,45,34,77,56,32,24,42,22,33,24,33,27,31,29,62,33,69,42,45,21,39,21,28,21,23,43,31,27,43,24,-1,32,58,29,34,28,47,26,23,39,54,42,17,44,84,16,46,27,49,63,58,59,52,60,49,48,46,52,47,46,42,44,48,58,55,60,46,48,43,56,49,48
Singapore Zoo,69,55,0,74,62,69,62,76,99,53,59,61,61,73,53,59,59,4,60,57,58,56,85,62,54,58,58,68,66,62,58,56,76,79,88,83,58,53,55,67,68,62,110,0,56,57,75,46,65,67,62,62,54,59,83,57,57,67,74,55,69,54,58,54,49,84,59,57,71,58,-1,56,92,58,75,61,88,49,56,60,88,65,50,64,101,58,60,51,81,95,89,91,83,92,81,80,78,84,79,78,71,76,80,89,90,96,77,76,75,87,81,80
Cloud Forest,0,43,75,0,23,57,20,6,93,36,19,35,36,6,39,35,37,76,64,37,36,40,68,14,44,22,33,14,37,48,20,34,6,73,66,114,32,35,35,61,68,42,93,74,32,35,6,36,36,55,44,43,34,32,47,43,87,45,53,32,45,36,31,38,33,78,34,37,51,41,-1,36,72,32,57,31,71,39,30,48,68,65,34,47,87,52,69,31,57,71,64,65,63,69,57,57,55,60,55,54,50,52,57,64,65,70,54,56,51,62,57,56
Marina Bay Sands Skypark,13,29,65,23,0,43,10,21,84,22,5,21,22,18,34,25,23,67,50,30,22,29,53,9,39,14,25,13,22,61,5,20,21,60,52,105,18,20,25,47,59,28,78,64,20,21,23,31,22,40,28,28,25,18,36,39,78,30,39,18,31,22,17,24,26,64,19,24,37,27,-1,19,55,18,43,16,56,34,16,34,51,56,19,33,73,38,75,25,43,57,52,53,49,55,43,42,40,46,41,40,36,38,42,52,49,54,40,42,37,50,43,42
National Orchid Garden,49,4,67,56,41,0,42,55,83,46,38,45,45,52,41,49,46,68,41,45,37,43,57,41,33,46,48,47,46,76,38,36,55,51,59,108,42,44,40,38,57,46,89,65,44,37,55,35,46,36,46,39,43,41,75,46,80,54,57,34,51,34,41,33,36,55,43,39,55,35,-1,44,71,42,46,40,59,38,35,51,66,55,29,57,96,29,58,40,61,75,70,71,64,73,61,61,59,64,59,58,54,56,60,70,67,72,58,60,55,68,61,60
Singapore Flyer,13,29,66,23,10,44,0,21,85,23,19,26,26,18,35,16,27,67,58,28,22,30,58,5,36,10,18,11,27,61,12,20,21,60,56,106,23,25,23,47,59,32,74,64,25,22,24,32,26,41,32,28,21,22,30,39,78,35,44,19,27,23,22,24,23,65,24,24,41,28,-1,15,35,23,48,21,61,35,12,30,51,57,20,38,77,38,71,24,48,61,57,56,53,59,48,47,45,51,46,44,41,43,47,57,53,59,44,46,42,54,48,47
Supertree Grove,5,41,76,6,21,56,18,0,93,35,16,34,34,4,40,25,36,78,63,29,34,41,66,12,45,20,28,12,35,52,18,33,0,72,64,116,31,33,36,60,67,40,91,75,33,34,10,37,35,53,41,41,35,30,44,44,88,43,52,31,44,35,30,37,34,77,32,36,50,38,-1,26,68,31,56,29,69,41,28,46,64,65,32,46,85,50,87,32,56,70,62,64,61,67,56,55,53,59,54,53,49,51,55,62,64,69,52,54,50,60,56,55
Jurong Bird Park,86,67,100,91,79,81,79,90,0,72,76,69,69,90,79,69,71,102,81,71,73,76,83,79,85,72,68,84,67,105,75,71,90,96,85,108,67,73,69,64,47,66,118,99,66,72,92,76,66,83,63,78,68,69,106,83,80,78,78,69,81,72,68,75,69,74,67,71,76,74,-1,70,99,66,72,67,86,79,73,78,95,50,71,84,121,61,98,65,82,96,90,92,87,93,82,81,79,85,80,79,75,77,81,90,87,93,78,80,76,88,82,81
National Museum of Singapore,30,33,56,37,22,48,23,36,75,0,19,16,16,33,19,24,13,57,56,13,19,7,47,23,25,19,22,28,19,55,19,17,36,64,45,95,13,4,5,36,49,21,67,54,19,18,36,17,19,45,21,17,15,18,44,24,67,21,33,23,25,8,16,17,13,60,14,8,30,17,-1,19,50,13,37,15,50,20,16,28,45,47,14,24,61,42,69,6,37,50,43,44,42,48,37,36,34,40,35,33,30,32,36,43,44,50,33,35,31,41,37,36
Marina Bay,8,26,62,19,5,40,19,16,81,19,0,18,19,13,31,22,20,64,47,27,19,26,50,9,36,17,22,9,19,58,2,17,16,57,49,102,15,17,22,44,56,25,75,61,17,18,19,28,19,37,25,25,22,15,47,36,75,27,36,15,28,19,14,21,23,61,16,21,34,24,-1,24,52,15,40,13,53,31,13,31,48,53,16,30,70,35,72,22,40,54,49,50,46,51,40,39,37,43,38,37,33,35,39,49,46,51,37,39,34,47,40,39
Buddha Tooth Relic Temple and Museum,30,33,62,36,22,47,26,35,72,16,19,0,0,32,27,25,17,64,54,16,26,22,43,26,34,28,23,28,3,61,18,24,35,63,41,104,3,14,19,32,47,17,72,61,12,23,35,26,3,44,6,22,24,11,44,33,76,24,29,22,37,19,10,22,16,56,2,22,26,21,-1,25,55,7,33,7,46,29,20,34,51,44,18,27,67,41,70,21,33,46,39,40,38,44,33,32,30,36,31,29,26,28,32,39,40,46,29,31,27,37,33,32
Chinatown,30,32,63,36,21,47,26,35,72,17,19,0,0,32,28,25,18,64,54,16,25,23,44,26,21,28,24,27,3,61,18,24,35,63,42,105,4,15,20,33,47,18,73,62,11,25,35,27,3,44,7,23,24,11,44,33,77,19,29,22,37,20,10,23,16,56,2,23,27,21,-1,26,55,7,33,7,47,30,19,34,51,44,19,28,68,42,70,21,34,47,40,41,39,45,33,33,31,37,31,30,26,28,33,40,41,47,30,32,27,38,34,33
Flower Dome,5,39,76,6,19,54,15,4,95,33,14,32,33,0,44,23,34,77,61,27,32,40,64,9,43,18,25,10,33,49,15,31,4,70,62,115,29,31,34,58,70,39,89,75,31,32,7,42,33,51,39,39,32,28,42,49,88,41,50,29,39,33,28,35,34,75,30,34,48,36,-1,23,66,29,54,27,67,45,26,41,62,67,30,44,84,48,82,27,54,68,61,62,59,65,54,53,51,57,52,51,47,49,53,61,62,67,51,53,48,58,54,53
Orchard Road,35,29,55,40,36,43,33,42,83,19,33,25,26,45,0,25,24,56,47,23,31,22,53,31,26,24,23,35,29,64,32,30,42,59,51,94,22,19,21,42,58,27,76,54,22,31,41,16,29,41,27,27,20,25,58,6,67,32,38,28,36,27,24,24,15,65,24,23,36,22,-1,22,58,23,42,27,56,7,27,39,54,55,20,20,76,38,49,17,43,56,51,52,48,54,42,42,40,46,40,39,35,37,42,51,48,54,39,41,36,49,43,42
Merlion Park,18,37,61,36,26,51,17,26,73,24,23,25,26,23,25,0,16,62,53,7,25,26,54,11,36,4,5,15,23,57,22,23,26,67,53,101,22,13,21,45,47,28,70,59,8,25,28,23,22,48,24,32,11,12,34,30,73,26,40,22,33,25,12,32,20,59,23,23,37,28,-1,6,51,22,44,15,57,26,24,31,47,45,27,36,77,41,56,17,44,57,53,52,49,55,44,43,41,47,42,40,37,39,43,53,49,55,40,42,38,50,44,43
Clarke Quay,31,34,60,37,23,48,27,37,76,13,20,17,17,34,25,15,0,62,55,8,22,20,45,27,33,16,9,29,20,59,19,19,37,64,43,103,14,4,17,34,50,19,70,59,11,21,37,25,20,46,19,20,16,18,45,31,75,15,31,24,37,17,17,20,14,58,15,20,28,19,-1,13,53,14,35,16,48,28,21,33,47,48,16,18,64,43,67,9,35,48,44,44,40,46,35,34,32,38,33,31,27,30,34,44,40,46,31,33,28,41,35,34
River Safari,71,57,5,76,64,71,64,78,100,55,61,63,63,75,55,61,61,0,62,59,60,58,87,64,56,60,60,70,68,98,60,58,78,81,90,86,60,55,57,69,70,64,110,4,58,59,77,48,67,69,64,54,56,61,85,59,60,69,76,57,71,56,60,56,51,86,61,59,73,49,-1,58,92,60,77,63,90,51,58,62,88,67,52,66,101,60,62,53,81,94,91,93,85,92,81,80,78,84,79,77,73,76,80,91,92,98,77,78,75,89,81,80
MacRitchie Nature Trail,57,29,62,63,49,44,49,62,85,56,46,52,53,59,47,54,54,63,0,51,45,50,59,49,63,59,52,55,53,78,45,43,62,26,61,102,49,51,56,41,60,48,90,60,51,44,62,41,53,46,57,48,55,49,67,51,75,61,60,41,53,41,48,41,44,58,50,47,58,44,-1,58,72,49,49,47,62,44,43,44,68,57,36,58,85,31,30,45,64,78,73,73,67,75,64,63,61,67,62,61,57,59,63,73,70,75,60,62,58,71,64,63
National Gallery Singapore,21,34,59,38,29,48,20,29,75,22,27,23,17,27,23,7,9,60,51,0,23,16,50,14,26,7,2,19,25,55,26,21,29,64,48,99,20,6,11,39,49,24,68,57,9,23,40,21,24,45,25,28,8,23,37,28,71,23,36,20,31,23,22,25,18,61,15,12,33,24,-1,5,49,20,40,26,53,24,22,29,45,47,21,34,73,43,54,5,40,53,48,49,45,51,40,39,37,43,38,36,33,35,39,48,45,51,36,38,34,46,40,39
Haji Lane,30,25,61,36,22,39,22,35,76,19,19,25,26,32,30,25,21,63,46,22,0,25,62,22,36,24,23,28,26,52,18,2,35,56,56,102,22,19,21,43,50,31,65,60,22,2,35,27,25,37,27,16,20,22,32,35,74,29,43,3,26,11,21,20,26,60,24,12,41,23,-1,21,47,22,51,21,64,31,16,26,42,48,16,32,65,34,63,17,47,61,53,55,52,58,47,46,44,50,45,44,40,42,46,53,54,60,43,45,41,51,47,46
Battlebox,36,30,58,40,29,44,29,42,80,7,26,22,22,39,21,26,14,59,49,14,25,0,49,29,27,25,24,34,25,63,25,23,42,60,47,97,19,2,20,38,54,23,73,56,23,24,42,19,25,41,23,23,22,24,54,26,69,21,35,29,32,23,23,20,9,62,20,23,32,19,-1,22,57,19,39,21,52,22,23,35,51,52,16,24,68,39,52,17,39,52,47,48,44,50,39,38,36,42,37,35,32,34,38,47,44,50,35,37,33,45,39,38
The Southern Ridges,59,43,85,65,51,57,55,64,85,44,48,40,41,61,51,51,42,87,57,47,58,47,0,55,51,54,48,57,43,87,47,56,64,72,24,114,37,44,50,28,59,28,99,84,45,58,64,49,43,59,38,49,50,46,91,56,86,49,24,55,77,55,45,47,40,31,38,52,37,45,-1,51,81,37,21,44,5,52,49,67,77,57,42,57,96,37,74,47,43,57,53,52,46,55,43,43,41,46,41,40,36,38,43,53,49,54,40,42,37,50,43,42
The Helix Bridge,4,29,67,14,10,44,6,12,83,23,9,26,27,9,30,11,28,68,58,14,22,30,58,0,36,5,13,2,27,62,9,21,12,60,56,106,23,25,23,48,58,33,74,65,17,22,15,28,27,41,34,29,21,22,31,35,79,35,44,19,28,23,22,25,23,65,24,24,42,26,-1,11,45,23,48,21,61,31,11,31,52,55,20,38,78,38,71,15,48,62,55,56,53,59,48,47,45,51,46,45,41,43,47,55,56,61,45,47,42,52,48,47
Chinese and Japanese Gardens,40,30,56,47,39,33,39,46,88,24,36,32,33,49,23,30,19,57,24,25,34,26,60,35,0,29,26,40,37,68,35,33,46,60,36,95,30,23,25,43,62,28,82,70,27,34,46,7,37,41,34,33,25,28,65,29,67,39,45,31,43,31,28,30,19,65,31,27,43,28,-1,26,62,30,50,31,63,36,33,42,63,60,25,34,85,39,77,21,50,63,50,57,55,61,50,49,41,53,47,46,42,45,49,56,57,63,46,42,37,54,50,49
Waterfront Promenade,13,34,60,23,15,48,11,21,76,19,17,29,29,18,23,4,17,61,59,8,24,25,57,6,29,0,6,10,26,57,14,23,21,64,57,99,25,13,10,48,51,32,69,59,10,24,23,21,26,46,27,31,7,15,36,28,72,29,43,21,28,23,15,29,18,62,26,11,41,26,-1,4,51,25,47,23,60,24,19,31,47,48,25,34,76,45,72,8,47,61,54,55,52,58,47,46,44,50,45,44,40,42,46,54,55,60,44,46,41,51,47,46
Asian Civilisations Museum,20,34,59,34,25,48,19,28,71,22,22,23,24,25,23,5,10,60,52,3,23,25,51,13,29,6,0,18,21,56,22,22,28,64,49,99,20,8,20,43,46,25,68,57,5,23,36,21,21,46,22,27,10,13,35,28,72,23,36,20,32,23,12,25,18,57,21,21,34,23,-1,6,50,20,40,13,54,23,23,29,46,43,20,33,74,40,53,8,41,54,50,49,46,52,40,40,38,44,38,37,33,36,40,50,46,52,37,39,34,47,41,40
ArtScience Museum at Marina Bay Sands,4,35,72,15,14,49,11,13,86,28,9,27,28,10,35,15,29,73,56,19,28,35,60,2,41,10,18,0,29,67,11,26,13,65,58,111,24,27,28,53,61,34,85,70,27,27,15,33,28,47,34,35,26,24,36,39,83,37,45,24,33,28,23,30,28,70,26,29,43,32,-1,15,61,24,49,23,63,36,16,36,57,58,26,39,79,44,76,20,50,63,59,59,55,61,49,49,47,52,47,46,42,44,49,59,54,59,46,48,43,56,50,49
Maxwell Food Centre,31,33,68,37,23,48,27,36,70,20,20,3,3,33,29,23,20,69,55,24,26,25,47,27,37,26,21,29,0,58,19,24,36,64,45,99,7,18,22,36,44,21,71,66,20,26,36,29,0,45,7,26,22,11,45,36,71,22,32,23,34,23,10,24,18,56,5,24,30,23,-1,23,52,10,36,6,49,32,21,32,48,42,20,31,70,38,72,18,36,50,45,46,42,48,36,35,34,39,34,33,29,31,35,45,42,47,33,35,30,42,36,35
East Coast Park,45,66,103,48,63,80,53,52,112,59,60,64,65,49,66,61,63,104,81,58,56,68,92,53,72,60,59,57,62,0,59,55,52,96,90,141,63,61,57,84,87,66,64,101,58,56,34,64,61,77,63,62,56,61,22,71,114,75,77,53,28,56,59,61,61,98,64,58,75,60,-1,57,27,63,81,63,95,67,57,46,53,84,56,78,81,78,94,53,81,95,88,89,87,93,81,81,79,84,79,78,74,76,81,88,89,94,78,80,75,86,81,80
The Shoppes at Marina Bay Sands,10,25,62,20,5,40,11,18,81,19,2,18,18,15,31,22,19,63,47,27,18,25,50,8,28,13,21,11,19,57,0,17,18,56,48,101,15,17,22,43,55,24,75,60,17,18,21,28,19,37,25,25,22,14,50,35,73,27,36,15,28,19,14,20,23,61,16,20,34,22,-1,23,52,15,40,13,53,31,12,30,47,53,16,30,69,34,71,22,40,54,49,48,45,51,40,39,37,43,38,37,33,35,39,49,45,51,36,38,34,46,40,39
Arab Street,28,23,60,35,20,38,21,34,74,16,17,21,22,31,29,24,19,61,45,21,3,23,60,20,34,22,22,26,25,51,17,0,34,54,55,99,18,17,19,41,49,28,64,58,20,0,34,26,24,35,25,14,18,20,33,33,71,27,39,3,27,10,20,19,20,59,20,12,37,22,-1,20,45,18,50,19,63,29,14,24,41,46,14,29,63,32,62,15,43,57,50,51,49,55,43,43,41,46,41,40,36,38,43,50,51,56,40,42,37,48,43,42
OCBC Skyway,5,41,76,6,21,56,18,0,93,35,16,34,34,4,40,25,36,78,63,29,34,41,66,12,46,20,28,12,35,52,18,33,0,72,64,116,31,33,36,60,67,40,91,75,33,34,10,37,35,53,41,41,35,30,44,44,88,43,52,31,44,35,30,37,34,77,32,36,50,38,-1,26,68,31,56,29,69,41,28,46,64,65,32,46,85,50,87,32,54,68,63,63,61,66,54,54,52,57,52,51,47,49,53,63,60,65,51,53,48,61,54,53
MacRitchie Reservoir,70,41,86,76,62,51,62,75,99,66,59,65,66,72,62,69,67,87,25,65,58,61,74,62,63,66,66,68,66,95,58,56,75,0,77,125,62,64,60,56,73,64,107,84,64,57,75,55,66,53,64,60,62,62,91,66,97,74,75,54,77,54,61,54,55,73,63,60,73,56,-1,64,89,62,64,60,77,58,56,68,85,70,49,77,107,47,54,59,79,93,86,87,82,90,79,78,76,82,77,76,72,74,78,86,87,92,76,78,73,83,79,78
Henderson Waves,56,44,86,62,48,58,52,61,86,41,45,37,37,58,48,48,39,88,58,44,49,43,23,52,54,51,45,54,40,83,44,48,61,72,0,115,34,40,47,29,60,25,96,85,42,49,61,46,40,60,34,46,47,43,91,53,87,45,3,46,60,46,42,43,37,52,35,49,8,42,-1,48,77,34,29,40,27,49,46,68,73,57,39,54,93,38,75,43,40,54,47,48,35,51,40,39,37,43,38,37,33,35,39,47,48,53,37,39,34,44,40,39
Sungei Buloh Wetland Reserve,108,92,85,113,101,107,101,115,107,93,98,100,97,112,92,99,98,86,99,96,97,95,111,101,106,97,97,107,95,137,98,96,115,123,113,0,97,92,94,92,76,102,146,83,96,97,114,86,94,0,91,101,94,98,123,96,49,106,113,94,109,94,97,93,88,103,98,96,111,97,-1,95,127,97,101,100,114,89,95,100,123,73,89,103,138,97,99,90,117,123,118,118,122,120,117,116,114,112,115,114,110,112,116,118,115,120,114,116,111,116,117,116
Chinatown Heritage Centre,27,30,59,33,19,44,23,32,69,13,16,3,4,29,24,22,14,60,51,20,22,19,40,23,30,27,20,25,6,62,15,21,32,60,38,100,0,11,16,29,44,14,69,58,15,20,32,22,6,41,14,19,21,14,41,28,72,14,25,19,32,16,13,19,12,52,0,19,23,17,-1,27,56,2,29,11,43,25,17,35,47,41,15,24,64,38,66,22,30,43,38,39,35,41,29,29,27,33,27,26,22,25,29,38,35,41,26,28,23,36,30,29
Fort Canning Park,28,31,54,35,20,46,25,34,76,4,17,14,14,31,18,11,4,56,46,4,19,3,46,24,23,12,7,26,17,56,17,17,34,62,45,93,11,0,8,36,50,21,67,53,10,18,34,15,17,43,21,17,19,16,51,22,66,14,32,21,29,14,14,17,6,59,12,12,30,16,-1,8,50,11,36,13,49,18,18,32,45,48,13,16,61,40,49,5,36,50,43,44,42,47,36,35,33,39,34,33,29,31,35,43,44,49,33,35,30,40,36,35
Chijmes,31,27,56,36,26,42,22,36,72,5,23,19,20,33,19,21,17,57,56,10,20,21,53,22,25,9,19,27,22,53,22,19,36,58,53,95,16,8,0,44,47,28,65,55,18,20,37,17,22,39,23,20,4,21,29,24,68,24,39,17,25,9,20,20,14,58,17,2,37,22,-1,8,47,16,43,18,56,20,16,26,43,44,18,27,65,36,68,4,43,57,52,53,49,54,43,42,40,46,41,40,36,38,42,52,47,53,40,42,37,50,43,42
Haw Par Villa,53,26,68,59,45,40,45,58,68,35,42,31,31,56,42,45,33,70,40,38,41,37,29,45,47,47,39,51,34,80,41,39,58,54,32,97,28,35,44,0,42,19,93,67,36,40,59,39,34,42,28,40,44,38,73,47,69,39,30,38,59,37,36,37,31,34,29,43,28,36,-1,45,74,28,19,34,32,42,39,50,70,39,33,48,89,20,57,40,34,48,41,42,37,46,34,33,31,37,32,31,27,29,33,41,42,47,31,33,28,38,34,33
Science Centre Singapore,62,43,69,67,55,57,55,66,48,48,52,45,45,66,55,45,47,71,57,47,49,51,59,55,60,48,44,60,43,81,51,47,66,72,61,76,43,49,45,40,0,42,93,68,42,48,68,52,42,59,39,54,44,45,82,59,49,53,54,45,57,48,44,51,45,50,43,47,51,50,-1,46,75,42,48,43,62,55,49,54,71,19,47,60,97,37,74,41,58,71,64,65,63,69,58,57,55,59,54,52,51,51,55,65,61,67,52,56,50,62,56,55
VivoCity,35,34,64,41,27,48,31,40,70,20,24,15,16,37,27,27,18,65,48,23,28,22,29,31,33,30,23,33,19,62,23,27,40,62,28,103,13,19,26,19,44,0,75,62,21,28,40,25,19,43,13,25,26,22,61,31,75,24,15,25,39,25,21,22,15,42,14,28,19,20,-1,27,56,13,19,19,32,28,25,36,52,42,18,33,72,28,65,22,15,28,21,22,22,26,15,14,12,18,13,11,4,10,14,21,22,28,11,10,9,21,15,14
Jewel Changi Airport,76,70,108,82,67,85,68,81,120,65,65,70,71,78,71,66,68,109,86,63,61,72,96,68,77,65,64,73,67,63,64,59,81,101,95,148,67,65,61,89,91,71,0,106,63,61,81,69,66,82,67,67,61,65,74,76,118,75,82,58,61,61,64,67,66,103,68,63,80,64,-1,62,67,67,86,69,99,72,61,51,51,89,61,78,66,83,98,57,86,100,93,94,92,97,86,85,83,89,84,83,79,81,85,93,94,99,83,85,80,90,86,85
Night Safari,67,51,0,72,60,65,60,74,99,51,57,58,59,70,50,57,57,3,58,54,56,54,83,60,68,56,55,66,63,94,56,54,74,81,85,82,55,51,53,65,66,60,106,0,54,55,73,44,63,63,60,60,52,57,81,55,57,65,71,52,67,52,56,52,47,82,57,55,69,55,-1,53,88,56,73,59,86,47,54,58,84,63,48,61,97,55,57,49,76,89,85,89,81,87,75,75,73,79,73,72,68,71,75,85,89,95,72,74,69,82,76,75
Boat Quay,29,32,58,33,21,46,25,34,70,19,18,12,12,31,21,8,12,59,49,9,22,22,49,17,27,10,5,27,20,54,17,20,34,62,48,97,15,18,17,42,44,24,67,56,0,21,35,19,19,44,20,26,17,10,37,25,69,19,35,19,30,22,9,23,15,56,10,19,33,21,-1,10,48,15,39,9,52,22,19,28,44,42,19,30,70,38,52,13,39,53,48,49,44,50,39,38,36,42,37,36,32,34,38,48,43,49,36,38,33,45,39,38
Sultan Mosque,29,24,61,36,21,39,22,35,76,17,18,22,23,32,30,25,20,62,46,22,2,24,53,23,22,23,23,27,26,52,18,0,35,55,51,100,19,18,20,43,50,28,65,59,22,0,35,27,25,36,26,15,19,21,33,34,73,28,39,3,26,11,21,20,25,60,21,11,37,21,-1,21,46,20,51,20,56,30,15,25,42,47,15,30,64,33,63,16,43,57,52,52,48,54,43,42,40,46,41,40,36,38,42,52,49,54,40,42,37,50,43,42
Marina Barrage,2,42,76,5,24,57,21,10,93,34,19,33,33,7,40,28,35,78,64,38,35,41,64,20,44,23,35,15,34,34,21,34,10,73,62,116,30,32,36,61,67,38,90,75,34,35,0,37,34,54,38,40,36,29,49,44,88,42,49,32,45,36,29,38,34,78,31,38,47,39,-1,37,69,30,53,28,66,41,29,48,65,64,33,45,84,51,81,32,53,67,62,63,59,65,53,53,51,56,51,50,46,48,52,62,59,64,50,52,47,60,53,52
ION Orchard,33,21,48,37,28,36,29,39,79,17,25,24,25,39,16,23,22,49,39,20,24,19,51,26,20,21,21,33,29,61,25,23,39,52,49,87,21,16,18,40,53,26,74,46,20,24,38,0,28,33,26,25,18,22,58,20,59,30,37,21,36,21,21,21,12,57,22,20,35,21,-1,19,55,21,41,24,54,8,22,35,51,51,16,27,78,30,42,14,41,55,50,50,46,52,41,40,38,44,39,38,34,36,40,50,47,52,38,40,35,48,41,40
Singapore City Gallery,30,33,68,37,22,48,26,36,69,19,19,3,3,33,29,22,20,69,55,24,25,24,46,26,19,25,20,28,0,58,19,24,36,64,45,98,7,18,22,36,44,21,70,66,19,25,36,29,0,45,6,27,21,11,45,35,71,22,32,22,34,25,10,24,17,55,5,24,30,22,-1,23,52,10,36,6,49,32,20,31,48,41,20,30,70,38,72,18,36,50,45,46,41,47,36,35,33,39,34,33,29,31,35,45,40,46,33,35,30,42,36,35
Bukit Timah Nature Reserve,47,22,56,53,39,36,39,52,83,43,36,42,43,49,39,46,44,68,43,42,35,38,58,39,53,43,43,45,43,74,35,33,52,48,61,105,39,41,37,40,57,41,86,57,41,34,52,32,43,0,41,37,39,39,57,43,47,51,53,31,48,31,38,31,32,57,40,37,50,33,-1,41,68,39,48,37,61,35,33,47,64,54,26,54,94,31,60,36,57,70,65,66,62,68,57,56,54,60,55,53,50,52,56,65,62,68,53,55,51,63,57,56
The Pinnacle @ Duxton,35,32,64,41,27,46,31,40,66,20,24,6,7,37,27,23,18,65,57,25,27,23,41,31,20,26,22,33,7,59,23,25,40,62,39,96,13,20,23,30,41,15,72,62,20,26,40,25,6,44,0,25,22,23,60,32,68,25,26,23,35,26,22,22,16,52,8,25,24,21,-1,24,53,13,30,13,43,28,25,32,49,38,18,33,72,35,70,19,30,44,39,40,36,42,30,29,28,33,28,27,23,25,29,39,34,40,27,29,24,37,30,29
Mustafa Centre,37,27,63,43,29,41,26,42,79,17,26,23,23,39,26,32,20,64,48,26,16,22,50,28,23,31,27,35,26,58,25,14,42,57,48,102,20,17,20,39,53,24,69,61,24,15,42,24,26,39,25,0,25,24,44,31,74,27,36,18,34,20,23,6,15,63,21,23,34,2,-1,28,52,20,40,21,53,27,20,32,47,51,13,30,64,36,61,24,40,54,49,48,45,51,40,39,37,43,38,37,33,35,39,49,45,51,36,38,34,46,40,39
Raffles City,20,30,56,35,23,44,21,35,72,15,20,24,25,32,19,11,16,57,54,8,20,20,51,21,34,7,9,18,22,52,20,18,35,60,50,95,22,17,4,44,46,26,65,54,18,20,37,17,21,41,22,26,0,20,30,24,67,30,37,17,24,18,19,24,14,58,23,5,35,22,-1,5,46,22,41,23,54,20,15,26,42,44,19,30,70,40,67,4,39,53,46,47,47,50,39,38,36,42,37,36,34,34,38,46,47,52,36,40,33,43,39,38
Lau Pa Sat Festival Pavilion,26,29,60,32,18,43,22,31,72,18,15,17,11,28,24,12,19,61,50,22,22,25,48,22,9,15,13,24,11,57,14,20,31,59,46,99,14,17,20,37,47,22,69,59,10,21,31,21,11,41,23,25,19,0,40,28,72,27,34,18,33,22,0,24,18,58,16,22,32,26,-1,21,51,14,38,5,51,24,16,30,47,44,20,29,69,38,67,16,38,52,47,46,43,49,38,37,35,41,36,35,31,33,37,47,44,49,34,36,32,44,38,37
Katong District,59,60,82,49,51,74,31,46,107,45,48,42,43,44,57,53,44,84,64,50,36,52,89,32,50,30,51,36,54,22,47,36,46,76,92,121,39,49,45,71,78,58,75,81,50,36,64,54,53,57,54,53,43,39,0,61,94,51,70,32,27,33,51,41,45,88,40,46,67,54,-1,35,4,39,79,37,92,57,27,31,52,76,36,54,79,62,77,44,74,87,82,83,79,85,74,73,71,77,72,70,67,69,73,82,79,85,70,72,68,80,74,73
Emerald Hill,40,33,59,45,40,47,39,47,86,24,37,30,31,50,6,30,28,60,51,27,36,27,57,36,27,29,28,40,34,69,36,34,46,63,56,98,27,24,26,47,61,32,81,58,27,35,46,20,34,45,32,31,25,30,64,0,71,30,43,32,42,32,28,29,20,68,28,28,41,27,-1,26,63,27,47,32,60,11,33,42,59,58,24,24,80,42,53,22,47,61,56,57,53,59,47,46,45,50,45,44,40,42,46,56,53,58,44,46,41,54,47,46
Kranji War Memorial,81,65,45,85,74,79,74,87,79,65,71,72,70,84,64,71,71,49,72,68,70,68,83,75,68,70,69,80,67,106,70,68,87,95,86,51,69,65,67,65,49,74,118,46,68,69,87,58,66,76,64,73,66,71,95,69,0,78,85,66,81,66,69,66,61,75,71,68,83,69,-1,67,100,69,73,73,86,61,68,72,96,46,61,75,111,69,71,63,89,103,98,90,95,101,89,89,87,92,87,86,82,84,89,98,90,95,86,88,83,96,89,88
Singapore River,37,40,68,43,29,54,33,42,80,21,26,19,19,39,26,25,15,69,61,22,30,22,51,35,16,28,22,35,21,70,25,27,42,70,50,107,14,14,25,41,55,26,78,67,18,28,42,29,21,52,26,28,30,24,51,29,80,0,37,29,43,25,23,27,20,64,17,28,35,25,-1,34,64,13,41,22,54,32,27,43,55,52,22,7,72,49,74,29,41,55,48,49,47,52,41,40,38,44,39,38,34,36,40,48,49,54,38,40,35,45,41,40
Mount Faber,43,44,74,49,35,58,39,48,78,30,32,26,26,45,37,35,28,75,58,33,39,33,23,39,30,38,34,41,29,71,31,37,48,73,3,113,23,30,32,29,53,14,83,72,31,36,48,35,29,51,24,35,34,30,71,42,85,35,0,35,49,32,29,33,26,52,24,36,5,31,-1,35,65,23,29,27,27,38,33,44,61,50,28,40,80,38,75,31,29,43,38,39,37,40,29,28,26,32,27,26,22,24,28,38,35,40,25,26,23,35,29,28
Parkview Square,27,21,58,33,18,36,19,32,71,23,16,22,23,29,25,20,24,59,43,17,3,30,50,20,17,18,18,24,21,49,15,3,32,52,48,97,19,21,15,40,45,25,62,57,17,3,32,23,20,33,21,21,15,18,33,29,70,31,36,0,25,8,18,17,17,57,20,7,34,18,-1,16,43,19,48,17,53,26,12,23,39,42,12,34,66,30,60,11,40,54,47,48,45,51,40,39,37,43,38,37,33,35,39,47,48,53,37,39,34,44,40,39
National Stadium,39,39,71,46,31,53,27,41,82,25,28,33,34,38,37,31,35,72,53,29,26,33,78,27,28,28,30,32,33,28,28,25,41,69,63,110,30,30,25,59,57,39,65,69,28,25,45,35,32,51,33,32,24,31,24,42,82,42,50,23,0,29,30,34,26,77,31,26,48,34,-1,27,21,30,68,28,81,38,21,25,43,54,30,45,70,50,66,23,54,68,63,63,60,66,54,53,52,57,52,51,47,49,53,63,60,65,51,53,48,61,54,53
Kuan Yin Thong Hood Cho Temple,28,21,58,34,20,35,20,33,74,9,17,19,20,30,26,23,17,59,42,20,11,23,50,22,20,21,21,26,24,52,16,10,33,51,48,97,16,14,9,39,48,24,65,56,20,11,33,24,23,33,24,21,18,20,51,31,69,25,36,8,29,0,19,16,17,56,18,8,34,18,-1,19,46,16,47,19,53,27,14,26,42,45,12,27,65,30,59,14,40,54,44,45,45,51,40,39,37,43,38,37,33,35,39,44,45,51,36,38,34,42,40,39
Satay street,25,28,59,32,17,43,21,31,69,17,14,16,10,28,22,11,17,60,50,20,21,23,46,23,8,15,12,23,10,56,14,20,31,59,45,98,13,15,19,36,44,21,68,57,9,21,31,20,10,40,20,23,18,0,40,27,71,25,32,18,32,20,0,23,17,55,14,20,30,24,-1,19,50,13,36,6,49,23,15,29,46,41,19,28,67,37,67,15,36,50,41,42,42,48,36,35,34,39,34,33,29,31,35,41,42,47,33,35,30,38,36,35
Sri Veeramakaliamman Temple,29,21,57,36,21,35,22,35,76,14,18,20,21,32,23,29,18,58,42,23,17,19,47,23,30,26,24,27,23,57,18,16,35,51,46,96,17,15,18,37,51,22,69,56,22,17,35,21,24,32,22,6,22,21,40,28,69,26,33,14,31,14,21,0,12,56,18,19,31,7,-1,23,51,17,37,20,50,24,15,30,47,48,3,27,63,30,59,19,37,51,44,45,43,48,37,36,34,40,35,34,30,32,36,44,45,50,34,36,31,41,37,36
Plaza Singapura,29,22,50,34,23,36,23,36,70,13,20,14,15,34,14,20,12,52,42,17,19,10,41,23,17,18,18,28,17,58,19,17,36,52,39,90,11,7,14,31,45,16,72,49,17,18,35,11,17,34,16,15,15,19,48,18,62,20,27,15,26,16,18,13,0,54,12,17,25,11,-1,16,52,11,31,18,44,15,17,29,48,42,8,25,66,31,45,11,31,45,40,40,36,42,31,30,28,34,29,28,24,26,30,40,37,42,28,30,25,38,31,30
Lee Kong Chian Natural History Museum,71,43,86,77,63,58,63,76,76,59,60,54,55,73,62,57,57,87,58,58,60,61,35,65,54,60,55,69,54,92,59,59,76,72,55,105,51,58,57,35,31,43,105,85,54,60,76,55,53,58,51,64,56,57,91,66,77,63,54,57,77,55,55,55,54,0,53,58,52,59,-1,57,87,52,43,55,39,59,57,68,82,27,51,69,107,37,75,53,58,72,65,66,61,69,58,57,55,61,56,55,51,53,57,65,66,71,55,57,52,62,58,57
Sri Mariamman Temple,28,31,61,34,20,45,24,33,70,14,17,2,2,31,24,17,15,62,52,14,24,19,41,26,8,20,15,26,4,63,16,22,33,61,40,100,0,13,17,31,45,14,71,59,10,21,34,22,4,43,8,22,23,15,42,28,72,17,25,21,34,18,14,19,12,52,0,20,23,17,-1,19,57,5,29,6,43,25,18,36,48,41,15,25,65,38,66,21,30,43,39,38,35,41,29,29,27,33,27,26,22,24,29,39,35,41,26,28,23,36,30,29
Raffles Hotel Arcade,33,27,58,38,22,41,23,35,72,9,19,20,21,32,21,15,18,59,57,11,12,23,52,23,18,11,19,28,22,55,18,12,35,57,50,97,17,12,2,44,47,26,67,57,18,11,35,19,22,39,23,24,5,21,30,26,70,25,37,8,26,9,20,22,16,58,18,0,35,24,-1,10,49,17,41,19,55,22,17,29,45,44,18,28,68,36,70,5,42,55,51,51,47,53,41,41,39,45,39,38,34,36,41,51,47,53,38,40,35,48,42,41
Faber Peak,42,43,73,48,34,57,38,47,77,29,31,25,25,44,36,34,27,74,57,32,37,31,38,40,29,37,33,40,28,69,30,35,47,71,8,112,22,29,31,28,51,17,82,71,30,37,47,34,28,50,23,34,33,29,70,41,84,33,4,34,48,31,28,31,25,51,23,35,0,30,-1,34,63,22,28,26,41,37,32,43,59,49,27,39,79,37,74,29,24,38,33,34,32,35,24,23,21,27,22,21,26,19,23,33,30,35,21,22,18,31,24,23
City Square Mall,32,23,59,38,24,37,24,37,75,15,21,19,19,34,22,28,17,60,44,22,19,18,46,24,19,27,23,30,22,56,20,18,37,53,44,98,16,15,21,35,49,20,72,57,20,19,37,20,22,35,21,2,24,23,56,27,70,25,32,16,34,16,22,7,11,59,17,21,30,0,-1,24,50,16,36,20,49,23,18,30,46,47,9,32,66,32,57,20,36,50,42,44,41,47,36,35,33,39,34,33,29,31,35,42,43,49,32,34,30,40,36,35
Esplanade Park,18,31,58,37,20,46,16,26,72,19,22,24,24,23,21,6,14,59,58,5,22,22,51,9,11,4,6,15,22,54,21,20,26,62,49,97,23,9,9,43,46,26,67,56,10,21,38,19,21,43,22,28,6,20,31,25,69,33,37,18,28,22,19,26,15,58,19,10,35,24,-1,0,48,23,41,23,54,22,19,28,44,43,21,32,70,40,71,4,41,55,50,51,46,52,41,40,38,44,39,38,34,36,40,50,47,52,38,40,35,48,41,40
Joo Chiat/Katong,59,54,91,65,51,68,51,65,103,48,48,53,53,62,55,49,51,93,69,47,45,56,80,53,46,48,48,57,51,27,47,43,65,84,78,132,52,49,45,72,75,54,72,90,46,44,65,52,50,66,51,50,44,49,5,59,102,64,66,41,21,44,48,49,49,86,53,47,64,48,-1,46,0,52,70,51,83,55,45,26,49,72,45,66,75,67,82,41,70,84,79,78,75,81,70,69,67,73,68,67,63,65,69,79,75,81,66,68,64,76,70,69
Chinatown Point,26,29,59,33,18,44,23,32,67,13,16,7,6,29,22,22,13,60,51,18,22,18,38,24,14,27,19,24,9,62,15,21,32,60,36,98,2,11,16,28,42,13,69,58,15,20,32,20,9,41,13,20,21,14,41,27,71,12,24,19,32,16,12,18,11,51,5,19,22,16,-1,23,56,0,28,11,41,23,16,34,47,39,13,24,64,36,65,20,28,42,37,37,33,39,28,27,25,31,26,25,21,23,27,37,34,39,25,27,22,35,28,27
Labrador Nature Reserve,47,33,76,53,39,48,43,53,73,35,36,30,31,50,42,39,32,77,48,37,48,37,21,45,41,42,38,45,34,75,35,47,53,62,31,102,27,34,37,18,48,18,88,74,36,48,53,39,34,47,28,39,38,34,81,46,75,39,30,45,67,45,33,37,30,42,29,41,28,35,-1,40,69,27,0,32,24,43,37,58,65,45,33,44,84,27,65,35,34,48,40,42,37,45,34,33,31,37,32,31,27,29,33,40,41,47,30,32,28,38,34,33
Thian Hock Keng Temple,25,28,62,31,17,42,21,30,69,15,14,7,7,27,25,15,16,63,49,23,21,22,45,23,8,18,13,23,6,59,13,19,30,58,43,101,11,13,18,34,43,19,71,60,8,20,30,23,6,39,13,21,21,5,39,30,74,23,31,17,30,18,5,21,19,55,7,21,28,23,-1,22,53,11,35,0,48,26,15,33,49,41,18,26,66,37,66,18,33,46,39,40,40,44,32,32,30,36,30,29,28,27,32,39,40,46,29,33,26,37,33,32
Hort Park,59,45,88,65,51,59,55,64,88,46,48,42,43,61,53,51,44,89,59,49,60,49,5,57,46,54,50,57,45,87,47,59,64,74,28,114,39,46,48,30,59,30,99,86,48,60,64,51,46,59,40,51,50,46,93,58,86,51,28,57,79,57,45,49,42,31,40,53,39,47,-1,51,81,39,23,44,0,54,49,70,77,57,44,56,96,39,76,47,46,59,55,54,48,57,45,45,43,49,43,42,38,40,45,55,51,57,42,44,39,52,46,45
Lucky Plaza,36,25,51,40,31,39,32,42,85,20,28,27,28,42,7,26,25,52,42,23,27,22,54,31,10,24,24,36,32,62,28,26,42,55,53,90,24,19,21,43,56,29,75,49,23,27,42,7,31,36,29,28,21,25,61,11,62,33,40,24,39,24,24,24,15,60,25,23,38,24,-1,22,56,24,44,27,57,0,25,36,52,54,19,30,78,34,45,17,44,58,53,54,49,55,44,43,41,47,42,41,37,39,38,53,50,55,41,43,38,50,44,43
Fountain of Wealth,17,23,60,28,14,37,12,27,77,16,11,17,18,24,28,16,19,61,52,21,16,24,48,11,34,19,21,16,18,55,10,14,27,53,46,99,14,16,16,41,51,22,75,58,16,15,27,26,18,35,23,25,15,14,27,33,71,27,34,12,21,16,13,18,17,58,16,17,32,20,-1,18,39,14,38,13,51,29,0,24,45,48,14,29,69,32,65,18,38,52,47,48,43,49,38,37,35,41,36,35,31,33,32,47,43,49,34,36,32,44,38,37
Geylang Serai,42,39,61,48,34,53,30,44,80,28,31,32,32,41,34,29,30,63,43,26,24,35,69,30,40,27,27,35,30,42,30,22,44,63,71,101,31,28,24,50,54,33,55,60,26,23,47,31,29,45,30,29,23,28,31,38,73,40,45,20,25,23,27,28,28,67,32,26,43,27,-1,25,26,31,58,30,72,35,24,0,32,51,24,43,60,41,56,20,49,63,56,57,54,60,49,48,46,52,47,46,42,44,43,56,57,62,45,47,43,53,49,48
Pasir Ris Town Park,55,50,87,61,47,64,47,60,99,43,44,49,49,58,51,45,43,89,65,43,41,47,76,47,55,44,44,53,47,45,43,39,60,80,74,127,42,41,41,68,71,50,51,86,42,40,61,48,46,62,47,43,40,45,54,55,98,51,62,37,41,40,44,43,45,82,44,43,59,44,-1,42,47,43,66,47,79,51,41,30,0,68,41,53,31,63,78,37,66,79,75,74,71,77,66,65,63,69,64,62,59,61,65,75,71,77,62,64,60,72,66,65
IMM Outlet Mall,56,38,66,61,50,52,50,61,52,43,47,40,40,61,50,41,42,68,53,42,44,47,54,50,56,43,39,55,38,76,46,42,61,67,56,74,38,44,40,35,19,37,89,65,38,43,62,47,37,52,34,49,39,40,77,54,46,49,49,40,52,43,39,47,40,46,38,42,47,45,-1,41,70,37,44,38,57,51,44,49,66,0,42,55,92,32,69,36,53,67,59,61,58,64,53,52,50,56,51,50,46,48,47,59,61,66,49,51,47,57,53,52
Tekka Centre,26,17,53,32,18,31,18,31,72,12,15,16,17,28,20,25,14,55,38,19,13,15,43,18,25,22,20,24,20,53,14,12,31,47,42,93,13,12,16,33,47,18,65,52,18,13,31,17,20,29,18,13,18,18,36,24,65,22,29,10,27,10,17,4,8,52,14,15,27,9,-1,20,47,13,33,16,46,20,12,26,43,44,0,33,62,26,55,15,33,47,40,41,39,45,33,32,31,36,31,30,26,28,27,40,41,46,30,32,27,37,33,32
Robertson Quay,39,42,65,46,31,57,36,45,88,22,28,25,25,42,20,36,18,66,56,33,30,24,56,35,34,35,34,37,28,73,28,28,45,73,41,104,22,16,25,45,60,30,78,63,28,29,45,26,28,54,30,28,31,27,54,23,76,7,41,32,45,25,25,28,26,68,23,28,39,32,-1,32,67,22,45,24,58,29,29,43,54,57,33,0,72,51,59,27,45,59,54,54,51,57,45,45,43,48,43,42,38,40,39,54,51,56,42,44,39,52,45,44
Changi Beach,86,89,108,92,78,103,82,92,133,66,75,72,72,89,82,82,69,109,90,77,71,73,102,82,90,78,77,84,75,78,74,68,92,119,101,496,69,67,70,96,104,77,73,106,75,69,92,82,75,101,77,69,75,73,89,88,119,77,88,71,75,70,72,69,71,114,70,73,86,71,-1,75,80,69,92,71,105,85,76,64,42,102,69,79,0,87,102,70,92,106,99,100,98,103,92,91,89,95,90,89,85,87,86,99,100,105,89,91,86,96,92,91
Holland Village,44,17,59,50,36,31,36,49,63,40,33,39,40,46,35,40,41,60,31,41,32,36,38,36,37,42,38,42,37,73,32,30,49,45,41,98,36,39,34,20,37,28,85,58,37,31,49,28,36,33,33,34,38,36,64,39,71,49,39,28,50,28,35,28,29,37,38,34,37,30,-1,40,67,36,28,35,41,32,30,41,63,34,24,51,80,0,48,35,43,57,52,52,46,54,43,42,40,46,41,40,36,38,37,52,49,54,40,42,37,50,43,42
Kong Meng San Phor Kark See Temple,73,45,74,79,65,60,71,78,102,68,62,67,68,75,61,68,66,75,29,65,61,65,75,71,63,71,66,76,69,88,61,59,78,55,77,115,64,62,68,57,74,65,100,73,65,60,78,55,69,60,69,61,67,65,79,66,86,74,76,57,65,57,64,57,58,74,66,69,74,56,-1,70,82,64,65,63,78,58,64,56,78,71,53,72,95,47,0,60,80,94,89,90,83,91,80,79,77,83,78,77,73,75,74,89,86,91,77,79,74,86,80,79
St Andrew's Cathedral,27,26,52,32,23,41,24,34,66,7,20,19,19,34,16,15,9,54,44,4,17,17,46,15,21,8,7,19,17,49,19,15,34,57,44,92,19,5,4,38,41,20,62,51,12,16,33,13,16,38,17,23,4,15,31,20,64,23,32,13,25,16,14,20,10,52,20,6,29,19,-1,4,43,19,36,17,49,16,18,22,39,38,16,27,65,35,47,0,36,49,45,46,41,47,36,35,33,39,34,32,29,31,30,45,41,47,32,34,30,42,36,35
Adventure Cove Waterpark,46,47,78,53,38,62,42,52,85,34,35,29,30,49,41,39,32,79,62,37,42,36,43,42,47,41,37,44,33,74,35,40,52,76,41,119,26,33,36,33,56,15,87,78,35,41,52,39,33,55,27,39,38,34,75,45,89,38,30,38,53,36,32,36,29,56,28,40,25,34,-1,39,68,26,33,31,46,42,36,48,64,53,32,44,83,41,79,34,0,30,25,26,31,27,16,15,13,19,14,3,12,11,8,25,22,27,4,9,8,22,16,15
Dolphin Island,60,61,91,66,52,75,56,65,98,47,49,43,44,62,54,52,45,93,76,50,55,50,57,56,60,55,51,58,46,88,48,54,65,90,55,132,40,47,49,46,70,29,100,90,49,55,65,52,47,69,41,52,51,47,88,59,103,52,44,52,66,50,46,50,43,69,41,54,38,48,-1,53,82,40,47,45,60,55,50,61,78,67,45,57,97,55,92,48,30,0,31,33,38,39,28,27,25,14,21,27,28,22,24,31,19,14,26,24,24,29,28,27
Floating Bridge at Siloso Beach,55,56,84,61,47,70,51,60,93,42,44,38,39,57,50,47,40,86,71,45,51,45,52,51,55,50,46,53,41,83,43,49,60,85,50,127,35,42,44,41,65,24,95,83,44,50,61,47,42,64,36,47,46,42,83,54,98,47,39,47,61,45,41,45,38,65,36,49,33,43,-1,48,77,35,42,40,55,50,45,56,73,62,40,52,92,50,88,43,25,31,0,2,6,5,15,14,15,15,10,22,29,15,19,0,16,22,21,22,19,2,14,14
Flying Trapeze,56,57,86,63,48,72,53,62,95,44,45,39,40,59,51,49,42,87,72,47,52,46,53,52,57,51,47,54,43,84,45,50,62,86,52,129,37,43,46,43,66,25,97,84,45,51,62,49,43,65,37,49,48,44,85,55,99,48,41,49,63,46,42,46,39,66,38,50,35,44,-1,49,78,37,43,41,56,52,46,58,74,64,42,54,93,51,89,44,26,33,2,0,4,3,12,12,13,16,12,23,30,17,20,2,18,23,23,24,20,4,12,12
Fort Siloso,53,52,84,59,45,66,49,59,92,41,42,36,37,56,48,46,39,86,66,44,49,43,48,49,54,48,44,51,40,81,42,47,59,81,32,126,33,40,43,37,63,22,94,83,42,48,59,45,40,62,34,45,44,40,82,52,96,45,38,45,60,43,39,43,36,60,35,47,32,41,-1,46,75,33,37,38,51,49,43,54,71,60,39,51,90,46,83,41,46,38,7,4,0,0,16,15,16,21,17,43,27,22,40,7,23,28,43,38,40,8,7,15
Fort Siloso Skywalk,58,59,89,64,50,73,54,63,96,45,47,41,41,60,52,50,43,90,73,48,53,47,54,54,51,53,48,55,44,85,46,51,63,87,53,130,38,44,47,44,67,26,98,87,46,53,63,50,44,66,38,50,49,45,86,57,100,49,42,50,64,47,43,47,41,67,39,51,36,46,-1,50,79,38,44,42,57,53,47,59,75,65,43,55,95,53,90,45,27,39,5,3,0,0,15,14,15,23,18,24,31,21,21,5,25,38,24,25,21,7,14,14
Images of Singapore LIVE,45,46,79,51,37,61,41,50,83,32,34,28,29,48,40,37,30,80,61,35,41,35,42,41,45,40,36,43,32,73,33,39,50,75,40,117,25,32,34,31,55,14,85,77,34,40,51,37,32,54,26,37,36,32,74,44,88,37,29,37,51,35,31,35,28,55,26,39,23,33,-1,38,67,25,32,30,45,40,35,46,63,52,30,42,82,40,78,33,15,27,13,11,15,14,0,0,3,16,11,12,19,8,9,13,20,26,11,12,9,15,2,0
Imbiah Lookout,44,45,78,51,36,60,41,50,83,32,33,27,28,47,39,37,30,79,60,35,40,34,41,40,45,39,35,42,31,72,33,38,50,74,39,117,24,31,34,31,54,13,85,76,33,39,50,37,31,53,25,37,36,32,73,43,87,36,28,36,51,34,30,34,27,54,26,38,23,32,-1,37,66,24,31,29,44,40,34,46,62,51,30,42,81,39,77,32,14,26,13,10,14,13,0,0,2,15,10,11,18,7,8,13,19,25,11,12,8,14,0,0
Madame Tussauds Singapore,42,44,74,49,34,58,39,48,81,30,31,25,26,45,37,35,28,75,58,33,38,32,39,38,43,37,33,40,29,70,31,36,48,72,38,115,23,29,32,29,52,11,83,72,31,37,48,35,29,51,23,35,34,30,71,41,85,34,27,35,49,32,28,32,25,52,24,36,21,30,-1,35,64,23,29,27,42,38,32,44,60,50,28,40,79,38,75,30,12,24,14,11,15,14,3,2,0,14,8,9,16,5,6,14,18,23,9,10,6,14,3,2
Palawan Beach,49,50,83,55,41,65,45,55,87,36,38,32,33,52,44,41,34,84,65,39,45,39,46,45,50,44,40,47,36,77,37,43,55,79,44,122,29,36,38,35,59,18,90,81,38,44,55,41,36,58,30,41,40,36,78,48,92,41,33,41,56,39,35,39,32,59,31,43,27,37,-1,42,71,29,36,34,49,45,39,50,67,56,35,46,86,44,82,37,19,17,15,16,21,24,17,17,15,0,4,16,23,10,16,15,2,7,16,16,13,12,17,16
Port Of Lost Wonder,44,45,78,50,36,60,40,50,83,32,33,27,28,47,39,37,30,79,60,35,40,34,41,40,38,39,35,42,31,72,33,38,50,74,39,117,24,31,34,31,54,13,85,76,33,39,50,36,31,53,25,36,35,31,73,43,87,36,28,36,51,34,30,34,27,54,26,38,23,32,-1,37,66,24,31,29,44,40,34,45,62,51,30,42,81,39,77,32,14,21,11,12,17,19,12,12,10,4,0,11,18,5,8,11,6,11,11,11,8,8,12,11
S.E.A. Aquarium,43,44,76,49,35,58,39,48,81,30,32,26,27,45,37,35,28,78,59,33,38,33,40,39,43,38,34,41,29,71,31,37,48,73,38,115,23,30,32,29,53,12,83,75,32,38,48,35,30,52,24,35,34,30,71,42,86,35,27,35,49,33,29,33,26,52,24,37,21,31,-1,36,65,23,30,28,43,38,33,44,61,50,28,40,80,38,75,31,3,27,21,23,28,24,13,12,10,16,11,0,8,8,5,21,18,24,0,6,5,19,13,12
Sentosa Boardwalk,41,42,72,47,33,57,37,47,79,28,30,24,25,44,36,33,26,74,57,31,37,31,38,37,42,36,32,39,28,69,29,35,47,71,36,114,21,28,30,27,51,5,82,71,30,36,47,33,28,50,22,33,32,28,70,40,84,33,23,33,48,31,27,31,24,51,23,35,27,29,-1,34,63,21,28,26,41,37,31,42,59,48,27,38,78,36,74,29,12,30,25,26,28,30,18,18,16,21,16,9,0,13,9,25,26,31,9,6,9,23,18,17
Sentosa Merlion,41,42,72,47,33,56,37,46,79,28,30,24,24,43,35,33,26,73,56,31,36,31,38,37,41,36,32,39,27,68,29,35,46,71,36,113,21,28,30,27,50,9,81,73,29,36,46,33,27,49,22,33,32,28,69,40,83,33,25,33,47,30,27,30,24,50,22,34,19,29,-1,33,63,21,27,25,40,36,31,42,58,48,26,38,78,36,73,29,10,21,14,15,20,20,9,8,6,12,4,7,14,0,4,14,13,18,7,8,4,12,9,8
Sentosa Nature Discovery,44,41,71,46,32,55,36,45,78,27,29,27,23,42,39,32,25,72,55,30,40,30,41,36,34,35,31,38,31,68,28,34,45,70,35,112,20,27,29,26,54,8,80,70,28,35,45,32,26,48,21,32,31,32,68,43,82,32,24,32,46,29,26,34,23,49,21,33,23,28,-1,32,62,20,26,24,39,35,30,41,62,47,25,37,77,35,72,28,8,23,18,19,24,21,9,9,7,13,7,5,8,6,0,18,15,16,11,3,0,16,10,9
Siloso Beach,53,54,84,59,45,68,49,58,91,40,42,36,37,55,48,45,38,86,69,43,49,43,50,49,53,48,44,51,39,81,41,47,58,83,48,480,33,40,42,39,63,22,93,83,42,48,59,45,40,62,34,45,44,40,81,52,96,45,37,45,59,43,39,43,36,63,34,47,31,41,-1,46,75,33,40,38,53,48,43,54,71,60,38,50,90,48,86,41,23,31,0,2,6,5,15,14,15,15,10,20,27,15,17,0,16,22,19,20,17,2,14,14
Southernmost point of Asia,55,56,87,61,47,71,51,61,93,42,44,38,39,58,50,47,40,88,71,45,51,45,52,51,49,50,46,53,42,83,43,49,61,85,50,482,35,42,44,41,65,24,96,85,44,50,61,47,42,64,36,47,46,42,84,54,98,47,39,47,62,45,41,45,38,65,37,49,33,43,-1,48,77,35,42,40,55,50,45,56,73,62,41,52,92,50,88,43,25,19,17,18,23,26,20,19,17,3,7,22,29,12,15,17,0,10,22,22,15,15,20,19
Tanjong Beach,58,59,91,64,50,73,54,63,96,45,47,41,41,60,52,50,43,92,73,48,53,47,54,54,58,53,49,55,44,89,46,51,63,87,53,487,38,44,47,44,67,26,98,89,46,53,63,50,44,66,38,50,49,45,86,57,100,49,42,50,64,47,43,47,41,67,39,51,36,46,-1,50,79,38,44,42,57,53,47,59,75,65,43,55,100,53,90,45,27,14,22,23,28,37,26,25,23,7,11,24,31,20,16,22,9,0,24,25,16,19,26,25
The Maritime Experiential Museum,43,44,76,49,35,58,39,48,81,30,32,26,27,45,37,35,28,78,58,33,38,33,40,39,43,38,34,41,29,71,31,37,48,73,38,115,23,30,32,29,53,11,83,75,31,38,48,35,29,52,24,35,34,30,71,42,86,35,27,35,49,32,29,33,26,52,24,37,21,31,-1,35,65,23,29,28,43,38,33,44,61,50,28,40,80,38,75,31,3,26,22,21,44,24,13,12,10,16,11,0,8,8,12,22,18,24,0,6,5,19,13,12
Trick Eye Museum Singapore,43,48,78,50,38,62,40,49,82,34,35,29,30,49,38,36,32,79,59,37,39,36,40,43,44,38,34,44,33,71,35,40,49,73,38,116,27,33,33,33,53,10,84,76,35,38,49,39,30,55,27,39,38,31,72,45,86,35,27,39,50,36,29,36,29,53,28,37,22,34,-1,36,65,27,33,31,43,39,36,48,64,54,32,41,80,42,76,34,9,26,22,22,39,24,13,12,10,16,11,6,5,8,4,22,19,24,6,0,4,20,13,12
Universal Studios Singapore,40,41,73,46,32,55,36,45,78,27,29,23,23,42,34,32,25,74,55,30,35,30,37,36,40,35,31,38,26,68,28,34,45,70,35,112,20,27,29,26,50,8,80,72,28,35,45,32,26,48,21,32,31,27,68,39,82,32,24,32,46,29,26,30,23,49,21,33,18,28,-1,32,62,20,26,24,39,35,30,41,58,47,25,37,77,35,72,28,8,23,18,19,24,21,9,9,7,13,7,5,8,4,0,18,15,18,4,3,0,16,10,9
Wave House Sentosa,53,54,82,59,45,69,49,59,91,40,42,36,37,56,48,45,38,83,69,43,49,43,50,49,54,48,44,51,40,81,41,47,58,83,48,125,33,40,42,39,63,22,93,81,41,48,58,45,40,62,34,45,44,40,81,52,96,45,37,45,59,42,39,43,36,62,34,47,31,41,-1,45,75,33,39,38,53,48,43,54,71,60,38,50,90,48,85,41,23,29,2,4,8,7,16,16,15,12,8,19,26,13,16,2,14,19,19,20,14,0,16,16
Butterfly Park & Insect Kingdom,45,46,77,51,37,61,41,50,83,32,34,28,29,48,40,37,30,78,61,35,41,35,42,41,45,40,36,43,32,73,33,39,50,75,40,117,25,32,34,31,55,14,85,75,34,40,51,37,32,54,26,37,36,32,74,44,88,37,29,37,51,35,31,35,28,55,26,39,23,33,-1,38,67,25,32,30,45,40,35,46,63,52,30,42,82,40,78,33,15,27,12,10,14,13,2,0,3,16,11,12,19,8,4,12,19,24,11,12,9,14,0,0
Skyline Luge Sentosa,44,45,78,50,36,60,40,50,82,31,33,27,28,47,39,36,29,77,60,34,40,34,41,40,44,39,35,42,31,72,32,38,50,74,39,117,24,31,33,30,54,13,85,74,33,39,50,36,31,53,25,36,35,31,73,43,87,36,28,36,51,34,30,34,27,54,26,38,22,32,-1,37,66,24,31,29,44,39,34,45,62,51,30,41,81,39,77,32,14,26,12,10,14,13,0,0,2,15,10,11,18,7,5,12,18,23,11,11,8,14,0,0
